{
    "baselines": {
        "Persistência": {
            "R2": -0.18148688483768427,
            "RMSE": 0.8504164720781678,
            "MAE": 0.6176676360514909
        },
        "Média_Móvel_3d": {
            "R2": 0.49895756771938105,
            "RMSE": 0.5538019295380204,
            "MAE": 0.42572395103537336
        }
    },
    "models": {
        "RandomForest": {
            "params": {
                "max_depth": 15,
                "min_samples_leaf": 2,
                "n_estimators": 400
            },
            "metrics": {
                "R2": 0.6246041073575115,
                "RMSE": 0.4793601961017645,
                "MAE": 0.3855005579484115
            }
        },
        "XGBoost": {
            "params": {
                "learning_rate": 0.05,
                "max_depth": 8,
                "n_estimators": 200,
                "subsample": 1.0
            },
            "metrics": {
                "R2": 0.618150111895345,
                "RMSE": 0.48346333653643436,
                "MAE": 0.38451137513172895
            }
        }
    }
}