{
  "Boa": {
    "precision": 0.8496732026143791,
    "recall": 0.9154929577464789,
    "f1-score": 0.8813559322033898,
    "support": 142.0
  },
  "Moderada": {
    "precision": 0.48148148148148145,
    "recall": 0.3611111111111111,
    "f1-score": 0.4126984126984127,
    "support": 36.0
  },
  "Ruim": {
    "precision": 0.0,
    "recall": 0.0,
    "f1-score": 0.0,
    "support": 2.0
  },
  "Muito Ruim": {
    "precision": 0.0,
    "recall": 0.0,
    "f1-score": 0.0,
    "support": 0.0
  },
  "Crítica": {
    "precision": 0.0,
    "recall": 0.0,
    "f1-score": 0.0,
    "support": 0.0
  },
  "accuracy": 0.7944444444444444,
  "macro avg": {
    "precision": 0.2662309368191721,
    "recall": 0.255320813771518,
    "f1-score": 0.2588108689803605,
    "support": 180.0
  },
  "weighted avg": {
    "precision": 0.7665940450254175,
    "recall": 0.7944444444444444,
    "f1-score": 0.7778315846112457,
    "support": 180.0
  }
}