{
  "random_forest_holdout": {
    "R2": 0.25343295560056023,
    "MAE": 5.516694843071434,
    "RMSE": 7.418910934215615
  },
  "baseline_persistencia": {
    "R2": -0.6967142062188272,
    "MAE": 8.632899326337654,
    "RMSE": 11.136458337786076
  },
  "baseline_mm3": {
    "R2": -0.43982712824839787,
    "MAE": 8.213036217404087,
    "RMSE": 10.274763425738122
  },
  "baseline_mm7": {
    "R2": -0.318009203700127,
    "MAE": 7.815904701486249,
    "RMSE": 9.830506090823052
  },
  "best_params": {
    "rf__max_depth": 12,
    "rf__min_samples_leaf": 3,
    "rf__n_estimators": 200
  },
  "cv_rmse": 7.782838838541809
}