{
    "R2":0.2534329556,
    "RMSE":7.4189109342,
    "MAE":5.5166948431
}